{
  "project_info": {
    "project_number": "465461185980",
    "project_id": "urna-7a29a",
    "storage_bucket": "urna-7a29a.appspot.com"
  },
  "client": [
    {
      "client_info": {
        "mobilesdk_app_id": "1:465461185980:android:908ffca91a2ffbd42c6fb9",
        "android_client_info": {
          "package_name": "com.example.urna"
        }
      },
      "oauth_client": [
        {
          "client_id": "465461185980-asiokrc2gqq2p24rr9i4b6m55r8dg57s.apps.googleusercontent.com",
          "client_type": 3
        }
      ],
      "api_key": [
        {
          "current_key": "AIzaSyBdlPlGR-DU9nca2RRVBPui7O6kK0_8cWU"
        }
      ],
      "services": {
        "appinvite_service": {
          "other_platform_oauth_client": [
            {
              "client_id": "465461185980-asiokrc2gqq2p24rr9i4b6m55r8dg57s.apps.googleusercontent.com",
              "client_type": 3
            }
          ]
        }
      }
    }
  ],
  "configuration_version": "1"
}